,train_loss,train_dice,train_iou,val_loss,val_dice,val_iou,epoch
0,4.299728706479073,0.5035973154008389,0.35215766448527575,0.599191352725029,0.11716927401721478,0.06632708385586739,1
1,3.240475907921791,0.6531273052096367,0.49707484617829323,0.42972254753112793,0.4255363643169403,0.2786164991557598,2
2,2.9679153114557266,0.668068166822195,0.513048293069005,0.39090657979249954,0.60712069272995,0.4386454075574875,3
3,2.692561462521553,0.7023140601813793,0.5500541254878044,0.3409261628985405,0.6925719529390335,0.5333550497889519,4
4,2.510867342352867,0.7190585248172283,0.5684728920459747,0.32711211591959,0.6977362483739853,0.5391441434621811,5
5,2.3929743468761444,0.7221414037048817,0.5726891532540321,0.32402119785547256,0.6467293351888657,0.48155399411916733,6
6,2.2360806465148926,0.742531094700098,0.5958527587354183,0.2841961681842804,0.7318397164344788,0.5789801627397537,7
7,2.115359477698803,0.7534631937742233,0.609882302582264,0.2664424553513527,0.7409802675247192,0.5909641981124878,8
8,2.0268436893820763,0.75953209400177,0.6167436949908733,0.2513480484485626,0.7469028532505035,0.5986597239971161,9
9,1.966764397919178,0.7610484547913074,0.6194332614541054,0.2350337654352188,0.7430026233196259,0.5940327793359756,10
10,1.8784586638212204,0.7732684873044491,0.6344533525407314,0.22906548529863358,0.7629233449697495,0.6192023307085037,11
11,1.8443913161754608,0.7781436741352081,0.640567846596241,0.22547229379415512,0.7715372890233994,0.6303649097681046,12
12,1.8486997708678246,0.7764804251492023,0.6382120177149773,0.22482455149292946,0.7715155929327011,0.6303400546312332,13
13,1.8351464346051216,0.7774133235216141,0.6394556611776352,0.22153738886117935,0.7735313177108765,0.6329618096351624,14
14,1.802500180900097,0.7833564318716526,0.646946519613266,0.22167417779564857,0.773338258266449,0.6328361332416534,15
15,1.786134921014309,0.7856071181595325,0.64988774061203,0.21700342372059822,0.7783994823694229,0.6394337564706802,16
16,1.7897481620311737,0.783965639770031,0.647947546094656,0.21858260035514832,0.7746281921863556,0.6344465613365173,17
17,1.8139034509658813,0.7781569436192513,0.6403461620211601,0.21683849021792412,0.777420699596405,0.6382085680961609,18
18,1.7751210257411003,0.784336507320404,0.6483899839222431,0.21347616985440254,0.7776404619216919,0.6382395476102829,19
19,1.764838419854641,0.7860101014375687,0.6505230367183685,0.21235008910298347,0.7824726998806,0.6447196304798126,20
20,1.7538457810878754,0.7872192971408367,0.6522744335234165,0.2131451666355133,0.7821595668792725,0.6444032192230225,21
21,1.7561967372894287,0.7860279902815819,0.6514568217098713,0.21151668950915337,0.7820721566677094,0.6443057358264923,22
22,1.762299083173275,0.7854471653699875,0.6502584852278233,0.2113005369901657,0.7837584018707275,0.6464928537607193,23
23,1.7776241451501846,0.7827378436923027,0.6463877037167549,0.212741170078516,0.7824552357196808,0.6447964310646057,24
24,1.75432850420475,0.7874454259872437,0.6527877636253834,0.2123340107500553,0.7825074791908264,0.6447912752628326,25
25,1.7653028219938278,0.7850966490805149,0.6491892710328102,0.21241901069879532,0.7828590571880341,0.6452706605195999,26
26,1.7611844316124916,0.7851260490715504,0.6500154547393322,0.21281049773097038,0.782532200217247,0.6448897123336792,27
27,1.7702279314398766,0.7839760147035122,0.6479713022708893,0.21142259240150452,0.7840724587440491,0.6469394564628601,28
28,1.748913250863552,0.7875719107687473,0.6526707634329796,0.21162952110171318,0.7836698591709137,0.6463910341262817,29
29,1.7698405981063843,0.7841603457927704,0.6482904925942421,0.21268710866570473,0.7835318446159363,0.6461436748504639,30
30,1.7396137043833733,0.7892985790967941,0.654578972607851,0.21203897520899773,0.7835787236690521,0.6462148725986481,31
31,1.7512146010994911,0.7867659516632557,0.6518568247556686,0.21209222078323364,0.7833816260099411,0.6459231674671173,32
32,1.7395512089133263,0.7889883890748024,0.6546530686318874,0.21217506378889084,0.7844445109367371,0.6473454236984253,33
33,1.752598986029625,0.787026010453701,0.6519957296550274,0.21176979690790176,0.7838379144668579,0.6465521603822708,34
34,1.7564477622509003,0.7861510030925274,0.6511456482112408,0.21187550574541092,0.7833157777786255,0.6458548754453659,35
35,1.7489107251167297,0.7873481474816799,0.6527010053396225,0.21164987608790398,0.784193754196167,0.6470525711774826,36
36,1.736468382179737,0.7901014313101768,0.6558969989418983,0.21216487884521484,0.7839320600032806,0.6467135846614838,37
37,1.7459206134080887,0.7885151170194149,0.653835978358984,0.21178855001926422,0.7834976464509964,0.6461039185523987,38
38,1.770155906677246,0.7835662700235844,0.6479205973446369,0.21255410835146904,0.784103587269783,0.6469238847494125,39
39,1.7363612428307533,0.7898968756198883,0.6553899869322777,0.21220851317048073,0.7836384028196335,0.6463074237108231,40
40,1.7569691836833954,0.7857302166521549,0.6503065638244152,0.21120551228523254,0.7847088724374771,0.647742748260498,41
41,1.7532595619559288,0.7862629145383835,0.6509238630533218,0.21138809993863106,0.784009262919426,0.646803230047226,42
42,1.7482947185635567,0.7875546999275684,0.652627170085907,0.2106456756591797,0.7834799587726593,0.6461140364408493,43
43,1.752525970339775,0.7866408750414848,0.6518104262650013,0.2126944586634636,0.7837646454572678,0.6464600712060928,44
44,1.748408704996109,0.78752002120018,0.6526743359863758,0.2111736722290516,0.7848326861858368,0.6478871256113052,45
45,1.7406685873866081,0.7881863974034786,0.6536457538604736,0.21167583763599396,0.7839854210615158,0.6467579156160355,46
46,1.780515156686306,0.7817954644560814,0.6456510834395885,0.21036842465400696,0.785016268491745,0.6481360197067261,47
47,1.7484391182661057,0.7871811166405678,0.6520258970558643,0.21253719553351402,0.7836394906044006,0.6463154703378677,48
48,1.766549177467823,0.7845710329711437,0.6485118865966797,0.21123924478888512,0.7850690335035324,0.6482031345367432,49
49,1.7320476025342941,0.7901822403073311,0.6564154364168644,0.21270616725087166,0.782853975892067,0.6452642679214478,50
50,1.7431425526738167,0.787837240844965,0.6536052078008652,0.21231264621019363,0.7830040752887726,0.6454362720251083,51
51,1.769994780421257,0.7834315001964569,0.647092055529356,0.21090584993362427,0.7854964882135391,0.6487701833248138,52
52,1.7652459144592285,0.7837040014564991,0.6479426100850105,0.2112138718366623,0.7839935719966888,0.646789476275444,53
53,1.7591866627335548,0.7847505919635296,0.6493187174201012,0.2118554301559925,0.7841736227273941,0.647016704082489,54
54,1.7352068647742271,0.7897218652069569,0.6557367518544197,0.21159054711461067,0.7832702845335007,0.6458080857992172,55
55,1.7830191180109978,0.7810756601393223,0.6441806443035603,0.21093488112092018,0.7850196659564972,0.6481532901525497,56
56,1.7456541135907173,0.7881084717810154,0.6533190160989761,0.2112070582807064,0.7843600362539291,0.6472665071487427,57
57,1.7355780079960823,0.7900384403765202,0.655425664037466,0.21150555461645126,0.7842883169651031,0.6471776217222214,58
58,1.7443441152572632,0.7880851812660694,0.6534790731966496,0.2119942083954811,0.783297210931778,0.6458328664302826,59
59,1.7532613575458527,0.786523412913084,0.6513021625578403,0.21161511912941933,0.7846419364213943,0.6476309299468994,60
60,1.745474599301815,0.7878206931054592,0.6529075540602207,0.21119258552789688,0.7837763577699661,0.6464909911155701,61
61,1.7412125617265701,0.7888137064874172,0.654411219060421,0.21158301457762718,0.7838024199008942,0.6465390622615814,62
62,1.7608878910541534,0.7851722985506058,0.6497018784284592,0.21178728714585304,0.7842130959033966,0.6470816731452942,63
63,1.7599630132317543,0.7851504534482956,0.6494784466922283,0.21208180487155914,0.7834461331367493,0.6460444033145905,64
64,1.7488667368888855,0.7877725623548031,0.6526895947754383,0.2116427682340145,0.7840378880500793,0.6468758434057236,65
65,1.7614376991987228,0.7851594388484955,0.6493803896009922,0.21077972650527954,0.7845753282308578,0.647556945681572,66
66,1.7465626746416092,0.7878266721963882,0.6533391624689102,0.21146702021360397,0.7850546389818192,0.6481824219226837,67
67,1.732201598584652,0.789837870746851,0.6559301540255547,0.21173552423715591,0.7832398116588593,0.6457839906215668,68
68,1.7387825399637222,0.789001539349556,0.6547364331781864,0.21160975471138954,0.7832483202219009,0.6457713693380356,69
69,1.7362597733736038,0.7900708094239235,0.6555696837604046,0.2119370736181736,0.783776044845581,0.6464719027280807,70
70,1.7412502095103264,0.7888666279613972,0.6543493121862411,0.21133295446634293,0.7844946384429932,0.647439181804657,71
71,1.75779277831316,0.7856974303722382,0.65002516284585,0.21167291700839996,0.7843997180461884,0.6473291218280792,72
72,1.7453685849905014,0.7883092500269413,0.6536368988454342,0.21166234463453293,0.7851095944643021,0.6482538282871246,73
73,1.747104436159134,0.7877116464078426,0.6524577438831329,0.2116454616189003,0.7841486930847168,0.6469842493534088,74
74,1.7463849112391472,0.7877557687461376,0.653096541762352,0.21148968860507011,0.7842073440551758,0.6470849215984344,75
75,1.7525444775819778,0.7860576473176479,0.6509069800376892,0.2117561437189579,0.7836663872003555,0.6463511139154434,76
76,1.7530458271503448,0.7864444218575954,0.6510473601520061,0.21126195043325424,0.7842357307672501,0.6470803618431091,77
77,1.727382093667984,0.790810089558363,0.6571054607629776,0.21168170496821404,0.7838547825813293,0.6465821266174316,78
78,1.743217147886753,0.7887427248060703,0.6539968810975552,0.21141814067959785,0.7840345799922943,0.6468443423509598,79
79,1.7728286981582642,0.7826863825321198,0.6463268734514713,0.2115277759730816,0.7849975675344467,0.6481006741523743,80
80,1.7573761865496635,0.7866682149469852,0.6512595117092133,0.21121537312865257,0.785290002822876,0.648529976606369,81
81,1.762114755809307,0.7852580100297928,0.6495583616197109,0.21189122647047043,0.7859218120574951,0.6493401676416397,82
82,1.7467937543988228,0.788198247551918,0.6529976166784763,0.21126028522849083,0.7844523340463638,0.647383913397789,83
83,1.7305119186639786,0.7910179495811462,0.6571873985230923,0.2119743824005127,0.7836618423461914,0.6463096439838409,84
84,1.7416071817278862,0.7886996231973171,0.6541316993534565,0.2117350697517395,0.7837916910648346,0.6465079486370087,85
85,1.7668875381350517,0.7833942398428917,0.6472098790109158,0.21155579388141632,0.7846125215291977,0.6476115733385086,86
86,1.7405743896961212,0.7887530401349068,0.6544744372367859,0.21100673079490662,0.7847026586532593,0.6477173417806625,87
87,1.736388422548771,0.790733952075243,0.6563421785831451,0.2112090140581131,0.7836682945489883,0.6463559418916702,88
88,1.7426678091287613,0.7889906354248524,0.6540491804480553,0.2120564468204975,0.7832538783550262,0.6457916647195816,89
89,1.7559384480118752,0.7865500189363956,0.650987833738327,0.21121790632605553,0.7840631306171417,0.6468940824270248,90
90,1.727653630077839,0.7918618731200695,0.6581217795610428,0.2109156772494316,0.7840455770492554,0.6468406170606613,91
91,1.7485427409410477,0.7880766727030277,0.6530874148011208,0.21171235665678978,0.7844939082860947,0.6474455147981644,92
92,1.741264097392559,0.7888262011110783,0.6541657708585262,0.2121744118630886,0.7831607162952423,0.6456591933965683,93
93,1.7424805611371994,0.7878886722028255,0.6531664207577705,0.21135609596967697,0.7832581400871277,0.6458139270544052,94
94,1.742562748491764,0.7884062193334103,0.6533962227404118,0.21210766583681107,0.7836104035377502,0.6462716907262802,95
95,1.740081712603569,0.7885840684175491,0.6541073061525822,0.2117733471095562,0.7837757021188736,0.646479144692421,96
96,1.752268135547638,0.7869353033602238,0.6518302038311958,0.21212776005268097,0.7846819758415222,0.6477047652006149,97
97,1.7447998821735382,0.7879997603595257,0.652926929295063,0.21222947537899017,0.7837113738059998,0.6464070677757263,98
98,1.7580645978450775,0.7855088114738464,0.6500617489218712,0.21139956638216972,0.7846265584230423,0.6476144343614578,99
99,1.7248535305261612,0.7914688214659691,0.6575495414435863,0.21174593642354012,0.7832659184932709,0.645793691277504,100
100,1.7540436089038849,0.7865703329443932,0.6511737518012524,0.2113923840224743,0.7855055630207062,0.6487759351730347,101
101,1.762085497379303,0.785480473190546,0.6497732512652874,0.210345808416605,0.785763680934906,0.649161770939827,102
102,1.752586729824543,0.7865941300988197,0.6514886394143105,0.21209519356489182,0.783781498670578,0.6465043127536774,103
103,1.7588272243738174,0.7848270125687122,0.649063803255558,0.21141818165779114,0.7838328778743744,0.6465827375650406,104
104,1.7416956350207329,0.7883618324995041,0.6536806896328926,0.2115371786057949,0.783362627029419,0.6459640711545944,105
105,1.7501332312822342,0.7871760912239552,0.652297992259264,0.2120264321565628,0.7836153358221054,0.6462859511375427,106
106,1.7559513673186302,0.7862396575510502,0.6507609635591507,0.21195045858621597,0.7836489677429199,0.6463271528482437,107
107,1.7204076275229454,0.7923259176313877,0.6589540131390095,0.2115093283355236,0.7840782999992371,0.6469091773033142,108
108,1.7408874109387398,0.7886528484523296,0.6544051915407181,0.21162861958146095,0.7844651490449905,0.647417277097702,109
109,1.7690352350473404,0.7832776792347431,0.6476097926497459,0.2115599885582924,0.7841345518827438,0.6469543427228928,110
110,1.7345121428370476,0.7902646102011204,0.6562581285834312,0.21193286404013634,0.7831250131130219,0.6456143110990524,111
111,1.7508599013090134,0.787212535738945,0.65259800106287,0.21232521906495094,0.7835156917572021,0.646137461066246,112
